{
  "H": {
    "number": 1,
    "name": "Hydrogen"
  },
  "He": {
    "number": 2,
    "name": "Helium"
  },
  "Li": {
    "number": 3,
    "name": "Lithium"
  },
  "Be": {
    "number": 4,
    "name": "Beryllium"
  },
  "B": {
    "number": 5,
    "name": "Boron"
  },
  "C": {
    "number": 6,
    "name": "Carbon"
  },
  "N": {
    "number": 7,
    "name": "Nitrogen"
  },
  "O": {
    "number": 8,
    "name": "Oxygen"
  },
  "F": {
    "number": 9,
    "name": "Fluorine"
  },
  "Ne": {
    "number": 10,
    "name": "Neon"
  },
  "Na": {
    "number": 11,
    "name": "Sodium"
  },
  "Mg": {
    "number": 12,
    "name": "Magnesium"
  },
  "Al": {
    "number": 13,
    "name": "Aluminum"
  },
  "Si": {
    "number": 14,
    "name": "Silicon"
  },
  "P": {
    "number": 15,
    "name": "Phosphorus"
  },
  "S": {
    "number": 16,
    "name": "Sulfur"
  },
  "Cl": {
    "number": 17,
    "name": "Chlorine"
  },
  "Ar": {
    "number": 18,
    "name": "Argon"
  },
  "K": {
    "number": 19,
    "name": "Potassium"
  },
  "Ca": {
    "number": 20,
    "name": "Calcium"
  },
  "Sc": {
    "number": 21,
    "name": "Scandium"
  },
  "Ti": {
    "number": 22,
    "name": "Titanium"
  },
  "V": {
    "number": 23,
    "name": "Vanadium"
  },
  "Cr": {
    "number": 24,
    "name": "Chromium"
  },
  "Mn": {
    "number": 25,
    "name": "Manganese"
  },
  "Fe": {
    "number": 26,
    "name": "Iron"
  },
  "Co": {
    "number": 27,
    "name": "Cobalt"
  },
  "Ni": {
    "number": 28,
    "name": "Nickel"
  },
  "Cu": {
    "number": 29,
    "name": "Copper"
  },
  "Zn": {
    "number": 30,
    "name": "Zinc"
  },
  "Ga": {
    "number": 31,
    "name": "Gallium"
  },
  "Ge": {
    "number": 32,
    "name": "Germanium"
  },
  "As": {
    "number": 33,
    "name": "Arsenic"
  },
  "Se": {
    "number": 34,
    "name": "Selenium"
  },
  "Br": {
    "number": 35,
    "name": "Bromine"
  },
  "Kr": {
    "number": 36,
    "name": "Krypton"
  },
  "Rb": {
    "number": 37,
    "name": "Rubidium"
  },
  "Sr": {
    "number": 38,
    "name": "Strontium"
  },
  "Y": {
    "number": 39,
    "name": "Yttrium"
  },
  "Zr": {
    "number": 40,
    "name": "Zirconium"
  },
  "Nb": {
    "number": 41,
    "name": "Niobium"
  },
  "Mo": {
    "number": 42,
    "name": "Molybdenum"
  },
  "Tc": {
    "number": 43,
    "name": "Technetium"
  },
  "Ru": {
    "number": 44,
    "name": "Ruthenium"
  },
  "Rh": {
    "number": 45,
    "name": "Rhodium"
  },
  "Pd": {
    "number": 46,
    "name": "Palladium"
  },
  "Ag": {
    "number": 47,
    "name": "Silver"
  },
  "Cd": {
    "number": 48,
    "name": "Cadmium"
  },
  "In": {
    "number": 49,
    "name": "Indium"
  },
  "Sn": {
    "number": 50,
    "name": "Tin"
  },
  "Sb": {
    "number": 51,
    "name": "Antimony"
  },
  "Te": {
    "number": 52,
    "name": "Tellurium"
  },
  "I": {
    "number": 53,
    "name": "Iodine"
  },
  "Xe": {
    "number": 54,
    "name": "Xenon"
  },
  "Cs": {
    "number": 55,
    "name": "Cesium"
  },
  "Ba": {
    "number": 56,
    "name": "Barium"
  },
  "La": {
    "number": 57,
    "name": "Lanthanum"
  },
  "Ce": {
    "number": 58,
    "name": "Cerium"
  },
  "Pr": {
    "number": 59,
    "name": "Praseodymium"
  },
  "Nd": {
    "number": 60,
    "name": "Neodymium"
  },
  "Pm": {
    "number": 61,
    "name": "Promethium"
  },
  "Sm": {
    "number": 62,
    "name": "Samarium"
  },
  "Eu": {
    "number": 63,
    "name": "Europium"
  },
  "Gd": {
    "number": 64,
    "name": "Gadolinium"
  },
  "Tb": {
    "number": 65,
    "name": "Terbium"
  },
  "Dy": {
    "number": 66,
    "name": "Dysprosium"
  },
  "Ho": {
    "number": 67,
    "name": "Holmium"
  },
  "Er": {
    "number": 68,
    "name": "Erbium"
  },
  "Tm": {
    "number": 69,
    "name": "Thulium"
  },
  "Yb": {
    "number": 70,
    "name": "Ytterbium"
  },
  "Lu": {
    "number": 71,
    "name": "Lutetium"
  },
  "Hf": {
    "number": 72,
    "name": "Hafnium"
  },
  "Ta": {
    "number": 73,
    "name": "Tantalum"
  },
  "W": {
    "number": 74,
    "name": "Tungsten"
  },
  "Re": {
    "number": 75,
    "name": "Rhenium"
  },
  "Os": {
    "number": 76,
    "name": "Osmium"
  },
  "Ir": {
    "number": 77,
    "name": "Iridium"
  },
  "Pt": {
    "number": 78,
    "name": "Platinum"
  },
  "Au": {
    "number": 79,
    "name": "Gold"
  },
  "Hg": {
    "number": 80,
    "name": "Mercury"
  },
  "Tl": {
    "number": 81,
    "name": "Thallium"
  },
  "Pb": {
    "number": 82,
    "name": "Lead"
  },
  "Bi": {
    "number": 83,
    "name": "Bismuth"
  },
  "Po": {
    "number": 84,
    "name": "Polonium"
  },
  "At": {
    "number": 85,
    "name": "Astatine"
  },
  "Rn": {
    "number": 86,
    "name": "Radon"
  },
  "Fr": {
    "number": 87,
    "name": "Francium"
  },
  "Ra": {
    "number": 88,
    "name": "Radium"
  },
  "Ac": {
    "number": 89,
    "name": "Actinium"
  },
  "Th": {
    "number": 90,
    "name": "Thorium"
  },
  "Pa": {
    "number": 91,
    "name": "Protactinium"
  },
  "U": {
    "number": 92,
    "name": "Uranium"
  },
  "Np": {
    "number": 93,
    "name": "Neptunium"
  },
  "Pu": {
    "number": 94,
    "name": "Plutonium"
  },
  "Am": {
    "number": 95,
    "name": "Americium"
  },
  "Cm": {
    "number": 96,
    "name": "Curium"
  },
  "Bk": {
    "number": 97,
    "name": "Berkelium"
  },
  "Cf": {
    "number": 98,
    "name": "Californium"
  },
  "Es": {
    "number": 99,
    "name": "Einsteinium"
  },
  "Fm": {
    "number": 100,
    "name": "Fermium"
  },
  "Md": {
    "number": 101,
    "name": "Mendelevium"
  },
  "No": {
    "number": 102,
    "name": "Nobelium"
  },
  "Lr": {
    "number": 103,
    "name": "Lawrencium"
  },
  "Rf": {
    "number": 104,
    "name": "Rutherfordium"
  },
  "Db": {
    "number": 105,
    "name": "Dubnium"
  },
  "Sg": {
    "number": 106,
    "name": "Seaborgium"
  },
  "Bh": {
    "number": 107,
    "name": "Bohrium"
  },
  "Hs": {
    "number": 108,
    "name": "Hassium"
  },
  "Mt": {
    "number": 109,
    "name": "Meitnerium"
  },
  "Ds": {
    "number": 110,
    "name": "Darmstadtium"
  },
  "Rg": {
    "number": 111,
    "name": "Roentgenium"
  },
  "Cn": {
    "number": 112,
    "name": "Copernicium"
  },
  "Nh": {
    "number": 113,
    "name": "Nihonium"
  },
  "Fl": {
    "number": 114,
    "name": "Flerovium"
  },
  "Mc": {
    "number": 115,
    "name": "Moscovium"
  },
  "Lv": {
    "number": 116,
    "name": "Livermorium"
  },
  "Ts": {
    "number": 117,
    "name": "Tennessine"
  },
  "Og": {
    "number": 118,
    "name": "Oganesson"
  }
}